{
	"0":{
		"n": 50,
		"k0": 8.617333e-05,
		"Ti": 100.000000,
		"niter": 1000,
		"selections": {
			"999": {
				"matrix": [
					[1,1,1,0,0,1,1,0,1,1,0,1,0,0,1,0,1,0,1,1,1,0,0,1,0,1,0,0,0,0,1,1,0,1,0,1,0,1,1,1,0,1,1,0,1,0,0,1,1,1],
					[0,0,0,0,1,0,0,0,0,1,1,1,0,1,0,1,1,1,0,0,0,0,1,0,0,0,1,0,1,1,1,0,0,0,0,1,0,1,0,1,1,0,1,0,1,1,0,0,1,0],
					[1,0,0,1,0,0,1,0,1,1,1,0,0,0,0,1,0,0,1,0,1,0,0,0,1,1,1,0,0,0,0,0,1,1,1,1,1,1,1,1,0,0,1,1,0,0,0,0,1,0],
					[1,1,0,1,1,1,1,1,0,0,1,1,0,1,1,0,1,1,1,1,0,0,1,0,0,0,0,0,1,1,1,1,0,0,0,0,0,0,1,0,1,1,0,0,0,1,1,1,0,0],
					[0,0,0,1,0,0,0,1,0,0,0,0,1,1,0,0,0,0,0,1,0,0,0,1,1,1,0,1,0,0,0,0,1,0,1,1,1,0,0,1,0,0,0,1,1,0,1,0,0,1],
					[0,1,0,0,1,1,1,1,1,0,1,1,1,1,0,1,0,0,1,0,0,1,1,0,1,1,1,1,0,0,1,0,1,0,0,1,1,0,1,1,1,1,0,0,0,0,0,0,0,1],
					[0,1,0,1,0,1,1,0,1,0,1,0,0,0,0,1,0,0,1,0,1,0,1,0,1,1,1,1,1,0,1,1,1,1,0,1,0,0,1,0,1,0,1,1,1,1,0,0,0,0],
					[1,0,0,1,1,1,1,0,0,0,1,1,0,1,0,1,0,1,0,0,0,1,0,1,1,0,1,0,0,1,0,0,0,1,0,0,1,0,1,0,1,1,1,1,0,0,0,1,1,1],
					[0,1,0,0,0,0,0,1,1,0,1,1,1,0,1,0,0,0,1,0,0,0,1,0,1,0,1,0,0,1,0,1,1,1,1,0,1,1,0,1,1,0,0,0,0,0,1,0,0,1],
					[1,1,0,0,1,1,0,0,1,0,0,0,0,0,1,0,1,0,1,1,1,0,1,0,1,1,1,1,1,0,1,1,1,0,1,0,0,1,1,0,0,0,1,1,0,0,1,1,1,0],
					[1,1,1,0,1,0,0,1,1,1,1,0,1,0,1,1,0,0,0,0,1,0,1,0,0,1,0,0,1,0,1,0,0,0,0,1,0,0,1,1,0,1,0,1,1,0,1,1,0,0],
					[1,1,0,1,1,0,1,1,1,0,0,0,0,1,1,1,0,0,1,1,0,0,0,1,1,0,1,0,0,0,1,1,1,1,1,1,0,0,1,1,0,1,0,0,1,0,0,1,0,0],
					[0,1,0,1,0,0,1,0,1,0,1,0,1,1,0,0,1,1,0,1,1,0,0,0,1,1,1,0,1,1,1,1,1,0,0,1,0,1,0,0,1,0,1,1,1,0,1,1,1,1],
					[0,0,0,1,1,1,0,0,0,0,1,0,0,0,0,1,0,0,0,0,0,1,0,1,1,0,1,0,0,0,1,1,0,0,1,1,1,1,1,0,1,0,0,0,1,0,1,0,0,0],
					[1,1,1,0,1,1,0,1,1,0,1,0,1,1,1,1,1,0,1,1,1,0,1,0,0,1,0,0,1,1,1,1,0,0,0,1,0,1,0,1,1,0,1,1,1,0,1,0,1,1],
					[0,0,0,0,1,0,0,0,1,0,1,1,0,0,0,1,0,1,0,0,0,0,1,1,1,0,1,1,0,0,1,0,0,1,0,0,0,0,1,1,0,1,0,1,1,0,1,1,0,1],
					[1,1,1,1,1,0,0,0,1,1,0,1,0,0,1,0,1,1,1,0,1,1,0,1,1,0,0,0,1,0,1,0,0,1,1,0,0,0,1,1,0,0,0,0,0,0,1,1,0,1],
					[0,0,1,1,0,0,1,1,0,1,0,1,1,1,0,0,1,0,1,0,1,0,1,1,0,0,1,1,0,0,1,1,1,0,1,1,0,1,1,1,1,1,1,0,1,1,1,0,0,1],
					[0,1,0,1,0,1,0,1,0,0,0,0,1,0,1,0,0,1,0,0,1,0,0,1,0,1,1,0,1,0,0,1,0,0,1,0,0,1,0,0,1,0,0,1,1,0,0,1,1,1],
					[1,0,0,1,1,1,1,0,1,0,1,1,1,0,1,1,0,0,0,0,0,0,1,1,0,1,0,0,0,1,0,0,1,0,1,0,1,0,1,0,1,0,1,1,1,0,1,0,0,1],
					[0,0,1,1,0,0,0,1,1,0,0,1,0,0,0,1,1,1,1,1,1,1,0,0,0,1,0,1,1,0,0,1,1,0,1,1,0,0,0,0,1,0,1,0,1,1,1,1,0,1],
					[1,0,0,0,1,1,0,0,1,0,1,1,0,1,0,1,0,0,1,1,1,0,0,0,0,0,0,0,1,0,1,0,0,1,1,0,1,1,0,1,0,0,0,0,0,0,0,1,0,1],
					[1,1,1,0,1,0,0,1,1,1,0,0,0,0,0,0,1,1,0,0,0,1,0,1,1,1,1,1,1,1,1,1,1,1,0,1,0,1,0,1,0,1,1,1,1,1,0,1,0,0],
					[1,0,0,1,1,0,1,0,0,0,1,1,1,1,1,1,1,0,1,1,0,1,0,0,1,0,0,0,0,1,1,0,1,1,0,1,0,1,1,1,0,0,1,1,0,0,1,1,1,0],
					[1,0,0,0,0,1,0,1,1,0,1,0,1,0,0,0,0,1,0,0,1,1,1,0,1,1,1,0,1,0,1,1,1,1,1,1,1,1,0,1,1,1,1,1,1,1,0,1,0,0],
					[1,1,1,1,0,0,0,0,0,0,1,0,1,1,1,1,1,1,1,0,1,0,0,1,1,1,1,1,1,1,1,0,0,1,0,0,0,0,1,0,1,0,0,0,0,1,0,1,1,1],
					[0,0,1,1,1,0,1,0,1,0,1,1,0,0,0,1,0,0,0,0,0,1,0,1,0,1,0,0,1,1,1,0,1,0,1,1,1,0,0,1,0,0,1,0,1,1,0,0,0,1],
					[1,1,0,0,1,1,1,0,1,0,1,1,1,0,1,0,1,0,1,1,1,1,1,1,1,1,0,1,1,1,1,1,1,0,0,0,0,0,1,1,1,0,0,0,1,0,1,1,1,0],
					[0,0,1,0,0,1,1,0,1,0,0,1,0,0,1,0,1,1,1,1,1,0,1,0,1,1,1,1,1,1,0,1,0,0,1,1,1,0,0,0,0,1,0,0,1,1,0,0,1,0],
					[1,1,1,1,0,1,1,0,1,0,1,0,1,0,0,0,0,0,0,1,0,0,0,0,0,1,0,1,1,1,0,1,0,1,0,1,0,1,1,1,0,1,0,1,0,0,1,1,0,1],
					[0,1,0,0,0,1,0,1,1,0,1,1,1,0,1,1,0,0,1,1,0,1,0,1,0,0,0,1,0,1,0,0,0,1,1,0,0,1,0,1,0,1,0,1,0,1,1,1,0,0],
					[1,0,0,1,1,0,0,0,0,0,1,0,0,0,0,1,1,0,0,1,1,0,1,1,1,1,1,0,0,0,0,1,0,0,0,0,0,0,1,0,0,0,0,0,0,1,1,0,1,0],
					[1,0,0,0,0,1,1,1,1,1,1,1,1,0,1,0,1,0,1,0,0,0,0,0,0,0,1,0,1,0,1,0,1,1,1,0,0,1,1,1,1,1,0,1,0,1,0,0,1,0],
					[1,1,0,1,0,0,0,1,1,0,1,0,0,1,0,0,1,0,1,0,1,0,0,1,0,0,1,0,1,1,1,0,0,0,1,1,1,0,1,0,0,1,1,0,0,0,0,1,0,0],
					[1,1,0,1,1,1,0,0,0,1,1,0,0,0,1,0,1,0,0,0,0,0,1,0,0,1,0,1,1,0,0,1,0,1,1,0,0,0,1,0,1,0,0,0,0,1,1,0,1,1],
					[1,0,0,0,1,0,0,1,0,1,1,1,0,1,1,0,1,1,1,1,1,1,1,0,0,1,0,0,0,1,0,1,1,0,1,1,1,1,1,1,0,0,1,1,0,1,1,0,1,0],
					[0,0,1,0,1,0,1,1,0,0,0,0,1,0,1,1,1,1,0,0,0,1,0,1,0,1,1,1,0,1,1,0,0,1,1,1,0,0,0,1,0,1,0,1,0,0,0,0,1,0],
					[0,0,1,1,1,1,0,0,1,1,0,1,0,0,0,0,0,1,1,1,1,0,0,1,1,1,0,1,0,1,0,0,1,0,1,0,0,0,1,1,0,1,0,1,0,1,0,1,1,0],
					[1,1,0,0,1,1,0,0,1,1,1,0,1,0,0,1,0,1,0,0,0,1,0,0,0,0,0,1,0,0,0,1,1,1,0,1,1,1,1,0,1,0,0,0,1,0,0,1,0,0],
					[0,1,0,0,1,0,1,0,0,1,1,1,0,1,1,0,0,0,0,1,1,1,1,1,1,1,0,1,0,1,0,1,0,1,0,1,1,0,0,0,1,1,0,1,1,1,0,0,1,1],
					[0,0,1,0,1,0,1,0,1,1,1,1,0,1,0,1,1,0,1,0,0,1,0,0,0,0,1,0,0,0,0,1,0,1,1,1,0,1,1,0,1,0,1,0,1,0,1,1,1,1],
					[1,1,1,0,0,1,0,1,1,0,1,0,0,1,0,0,0,1,1,1,0,1,0,1,0,1,1,0,1,1,1,0,1,1,0,0,1,0,0,0,1,0,1,0,1,1,1,0,1,0],
					[0,0,0,0,0,0,1,1,1,1,1,1,1,1,1,1,0,0,1,0,0,0,0,1,1,1,1,0,0,1,0,1,0,0,0,1,0,1,0,0,0,1,1,1,1,0,0,0,1,1],
					[1,1,1,1,1,1,0,0,1,0,1,1,0,0,0,0,1,0,1,0,1,1,0,0,0,1,0,0,0,0,1,0,1,1,0,1,0,0,0,1,1,0,0,0,1,0,1,1,0,0],
					[0,0,0,1,1,1,0,1,1,0,1,0,0,1,1,1,1,1,0,1,1,1,1,1,0,1,0,1,0,1,1,0,0,1,1,0,1,1,0,1,0,1,0,1,1,0,1,0,1,0],
					[1,1,1,0,0,0,0,1,0,0,0,1,0,1,1,0,0,1,0,0,0,1,0,1,0,1,0,0,0,0,1,1,1,1,0,1,0,1,0,0,1,0,1,1,1,0,0,0,0,0],
					[0,0,0,0,1,0,0,1,0,1,0,1,1,0,1,1,0,0,0,1,1,1,1,1,1,0,1,0,1,0,1,0,0,0,0,1,0,0,1,0,1,0,0,0,0,1,1,1,1,1],
					[0,1,1,0,0,1,1,1,0,1,0,0,1,1,0,0,1,1,0,0,0,0,0,0,1,0,1,0,1,0,0,1,1,1,0,0,1,0,0,0,0,1,1,1,0,0,0,0,0,0],
					[1,0,1,1,0,1,0,1,0,0,1,0,1,0,0,1,1,0,1,1,1,1,1,0,1,1,1,0,1,1,0,1,0,1,0,0,0,0,1,0,1,1,0,1,1,0,1,1,1,0],
					[0,0,1,0,0,1,1,0,1,0,1,1,1,0,0,0,1,0,0,0,1,0,0,1,0,1,0,0,1,1,1,1,0,1,0,1,1,1,0,0,0,0,0,0,1,0,1,0,1,0]
				]
			}
		},
		"time": 8
	}
}
